INSERT INTO store_table(
store_code, store_name, store_nameAbc, update_day) 
VALUES('EA01','札幌店','SAPPOROTEN','2000-01-01'),
('EA02','仙台店','SENDAITEN','2000-03-01'),
('EA03','郡山店','KOORIYAMATEN','2000-04-01'),
('EA04','宇都宮店','UTSUNOMIYATEN','2005-04-01'),
('EA05','埼玉店','SAITAMATEN','2005-07-01'),
('EA06','丸の内店','MARUNOUTHITEN','2008-03-01'),
('EA07','横浜店','YOKOHAMATEN','2009-03-01'),
('EA08','千葉店','CHIBATEN','2009-04-01'),
('WE01','栄店','SAKAETEN','2010-03-01'),
('WE02','心斎橋店','SHINSAIBASHITEN','2011-03-01');

INSERT INTO goods_table(
goods_code, goods_name, price, update_day)
VALUES('S987','セーター','29000','2000-05-01'),
('M032','マフラー','7000','2000-07-01'),
('K209','カットソー','12000','2003-01-01'),
('Z939','ジーンズ','40000','2004-01-01'),
('B345','ドカジャン','8000','2005-06-01'),
('M286','マフラー','4000','2006-08-01'),
('P175','パーカー','20000','2009-11-01'),
('K206','カットソー','5000','2010-01-01'),
('K456','カットソー','26000','2011-02-01'),
('P093','Tシャツ','900','2012-01-01'),
('N094','ニット','3000','2012-01-01');

INSERT INTO stock_table(
goods_code, store_code, quantity, update_day)
VALUES('S987','EA01','20','2000-06-01'),
('S987','EA03','10','2000-06-23'),
('M032','EA02','0','2000-07-01'),
('K209','EA03','13','2000-09-01'),
('K209','EA05','1','2000-09-01'),
('K209','EA07','5','2000-09-01'),
('Z939','EA04','10','2004-05-01'),
('Z939','EA08','30','2004-05-01'),
('B345','EA05','13','2005-05-01'),
('B345','WE01','11','2005-05-01'),
('M286','EA06','23','2006-12-01'),
('M286','EA07','22','2006-12-01'),
('M286','WE02','15','2006-12-01'),
('P175','EA07','16','2007-04-01'),
('K206','EA01','17','2007-05-01'),
('K206','EA08','8','2007-05-01'),
('P093','EA01','15','2009-09-01'),
('P093','WE01','0','2009-09-01'),
('N094','WE02','30','2010-05-01');
